[
  {
    "user_id": 1,
    "username": "user1",
    "password": 1234,
    "name": "Sachini Epa",
    "college": "Douglas College",
    "is_edited": false,
    "is_deleted": false,
    "user_type_id": 1
  },
  {
    "user_id": 2,
    "username": "user2",
    "password": 1234,
    "name": "Disha Khare",
    "college": "Humber College",
    "is_edited": false,
    "is_deleted": false,
    "user_type_id": 1
  },
  {
    "user_id": 3,
    "username": "user3",
    "password": 1234,
    "name": "Theodora Amodu",
    "college": "Douglas College",
    "is_edited": false,
    "is_deleted": false,
    "user_type_id": 1
  },
  {
    "user_id": 4,
    "username": "user4",
    "password": 1234,
    "name": "Camilo Yanten",
    "college": "Seneca College",
    "is_edited": false,
    "is_deleted": false,
    "user_type_id": 1
  },
  {
    "user_id": 5,
    "username": "user5",
    "password": 1234,
    "name": "Brendan Parker",
    "college": "Centennial College",
    "is_edited": false,
    "is_deleted": false,
    "user_type_id": 2
  },
  {
    "user_id": 6,
    "username": "user6",
    "password": 1234,
    "name": "John Doe",
    "college": "Humber College",
    "is_edited": false,
    "is_deleted": false,
    "user_type_id": 2
  },
  {
    "user_id": 7,
    "username": "user7",
    "password": 1234,
    "name": "Kate White",
    "college": "Douglas College",
    "is_edited": false,
    "is_deleted": false,
    "user_type_id": 1
  },
  {
    "user_id": 8,
    "username": "user8",
    "password": 1234,
    "name": "Emory Walter",
    "college": "Seneca College",
    "is_edited": false,
    "is_deleted": false,
    "user_type_id": 2
  },
  {
    "user_id": 9,
    "username": "user9",
    "password": 1234,
    "name": "Noe Gonzales",
    "college": "Humber College",
    "is_edited": false,
    "is_deleted": false,
    "user_type_id": 1
  },
  {
    "user_id": 10,
    "username": "user10",
    "password": 1234,
    "name": "Alice Cristian",
    "college": "Centennial College",
    "is_edited": false,
    "is_deleted": false,
    "user_type_id": 2
  }
]